id,retweet_count,favorite_count
892420643555336193,7788,36584
892177421306343426,5769,31519
891815181378084864,3818,23752
891689557279858688,7960,39907
891327558926688256,8594,38108
891087950875897856,2870,19167
890971913173991426,1881,11168
890729181411237888,17391,61681
890609185150312448,3956,26409
890240255349198849,6772,30204
890006608113172480,6764,29060
889880896479866881,4603,26404
889665388333682689,9229,45509
889638837579907072,4142,25635
889531135344209921,2081,14319
889278841981685760,4926,23856
888917238123831296,4153,27576
888804989199671297,3925,24229
888554962724278272,3220,18721
888078434458587136,3195,20622
887705289381826560,4960,28612
887517139158093824,10840,43867
887473957103951883,16616,65230
887343217045368832,9642,31883
887101392804085760,5497,28995
886983233522544640,7092,33153
886736880519319552,2971,11368
886680336477933568,4118,21274
886366144734445568,2921,20024
886267009285017600,4,113
886258384151887873,5821,26502
886054160059072513,100,0
885984800019947520,6198,30857
885528943205470208,5888,34056
885518971528720385,3446,19395
885311592912609280,17112,0
885167619883638784,4036,20739
884925521741709313,16704,73164
884876753390489601,5157,26394
884562892145688576,4339,23006
884441805382717440,5244,25624
884247878851493888,18789,68955
884162670584377345,2760,19323
883838122936631299,3180,20700
883482846933004288,9118,43444
883360690899218434,3422,21496
883117836046086144,6122,35151
882992080364220416,3594,22637
882762694511734784,4516,26794
882627270321602560,5606,26503
882268110199369728,10700,42506
882045870035918850,4519,27777
881906580714921986,3131,23051
881666595344535552,9865,47974
881633300179243008,7,120
881536004380872706,14741,46860
881268444196462592,4845,21980
880935762899988482,2575,16160
880872448815771648,3534,20168
880465832366813184,5756,27019
880221127280381952,3852,25584
880095782870896641,4009,26187
879862464715927552,3233,21187
879674319642796034,10,297
879492040517615616,2944,22253
879415818425184262,41058,100301
879376492567855104,2897,15935
879130579576475649,6284,0
879050749262655488,4322,21380
879008229531029506,2479,18007
878776093423087618,3779,18371
878604707211726852,6588,28597
878404777348136964,1192,0
878316110768087041,6169,0
878281511006478336,1192,7332
878057613040115712,6284,39913
877736472329191424,17543,75375
877611172832227328,74,0
877556246731214848,3530,21553
877316821321428993,4802,26008
877201837425926144,5177,25718
876838120628539392,3090,19623
876537666061221889,4334,22417
876484053909872640,2204,17830
876120275196170240,4323,26568
875747767867523072,3963,23904
875144289856114688,4558,20807
875097192612077568,5643,26093
875021211251597312,4391,24218
874680097055178752,4298,26447
874434818259525634,13504,0
874296783580663808,3814,24756
874057562936811520,3689,21599
874012996292530176,9564,32701
873580283840344065,3651,23045
873337748698140672,1484,0
873213775632977920,1484,6821
872967104147763200,5057,25994
872820683541237760,3460,14028
872620804844003328,3404,19758
872486979161796608,8420,38834
872122724285648897,7549,32743
871879754684805121,10291,35948
871762521631449091,3249,19317
871515927908634625,3243,19250
871166179821445120,5342,0
871102520638267392,5160,19994
871032628920680449,3579,21718
870804317367881728,5801,32156
870726314365509632,3,117
870656317836468226,2474,11840
870374049280663552,24791,79266
870308999962521604,3887,20936
870063196459192321,7802,34998
869772420881756160,9483,40695
869702957897576449,5927,27034
869596645499047938,2937,15308
869227993411051520,3562,19562
868880397819494401,13578,62750
868639477480148993,1956,0
868622495443632128,4988,25597
868552278524837888,1956,9682
867900495410671616,3946,23248
867774946302451713,6942,32620
867421006826221569,2350,15461
867072653475098625,115,0
867051520902168576,7436,30955
866720684873056260,4532,19284
866686824827068416,3289,18545
866450705531457537,33340,117625
866334964761202691,13504,50445
866094527597207552,7938,0
865718153858494464,5329,24715
865359393868664832,4743,25506
865006731092295680,7295,27003
864873206498414592,8257,31127
864279568663928832,2866,14065
864197398364647424,8424,28965
863907417377173506,3933,19872
863553081350529029,3987,14749
863471782782697472,2313,0
863432100342583297,4989,23000
863427515083354112,91,2147
863079547188785154,1055,8479
863062471531167744,2313,8183
862831371563274240,4902,18548
862722525377298433,3376,16523
862457590147678208,4706,19781
862096992088072192,22131,71953
861383897657036800,10244,34957
861288531465048066,3956,16635
861005113778896900,3653,16183
860981674716409858,2057,0
860924035999428608,770,0
860563773140209665,2057,7277
860524505164394496,5082,22920
860276583193509888,3348,17808
860184849394610176,5609,16177
860177593139703809,29677,0
859924526012018688,3936,19007
859851578198683649,3371,14987
859607811541651456,1500,18086
859196978902773760,28981,87422
859074603037188101,13116,32923
858860390427611136,7832,0
858843525470990336,3360,15161
858471635011153920,4679,20952
858107933456039936,2809,15350
857989990357356544,2503,15682
857746408056729600,10254,33390
857393404942143489,1584,5752
857263160327368704,4369,19559
857214891891077121,17,219
857062103051644929,164,0
857029823797047296,3869,18446
856543823941562368,2799,15969
856526610513747968,1816,11592
856330835276025856,648,0
856288084350160898,15,506
856282028240666624,6113,27178
855862651834028034,25,334
855860136149123072,960,4845
855857698524602368,2049,11625
855851453814013952,17483,44764
855818117272018944,5280,26136
855459453768019968,8006,29296
855245323840757760,5818,0
855138241867124737,43,0
854732716440526848,5929,22418
854482394044301312,6722,28817
854365224396361728,4589,18598
854120357044912130,7320,31519
854010172552949760,3087,15986
853760880890318849,5628,28198
853639147608842240,9875,34275
853299958564483072,3487,15293
852936405516943360,1969,0
852912242202992640,1787,8938
852672615818899456,2116,14752
852553447878664193,3430,16138
852311364735569921,9792,32798
852226086759018497,6739,19782
852189679701164033,1568,11339
851861385021730816,19,0
851591660324737024,3437,16114
851464819735769094,6961,24053
851224888060895234,5658,20538
850753642995093505,9044,30646
850380195714523136,2591,13004
850333567704068097,328,3436
850145622816686080,3769,16241
850019790995546112,4837,20327
849776966551130114,7554,30321
849668094696017920,4916,0
849412302885593088,3137,15807
849336543269576704,1892,11365
849051919805034497,8418,42195
848690551926992896,4289,25121
848324959059550208,4582,24651
848213670039564288,729,8155
848212111729840128,3023,16279
847978865427394560,3242,0
847971574464610304,429,0
847962785489326080,5059,23450
847842811428974592,1326,5426
847617282490613760,417,6969
847606175596138505,3412,18735
847251039262605312,4292,20483
847157206088847362,5836,19861
847116187444137987,3171,21437
846874817362120707,3918,20107
846514051647705089,11546,44652
846505985330044928,3056,14104
846153765933735936,9034,31665
846139713627017216,9992,31088
846042936437604353,2860,16011
845812042753855489,8698,29304
845677943972139009,4795,25237
845397057150107648,1806,7649
845306882940190720,5390,23402
845098359547420673,7652,0
844979544864018432,2564,13675
844973813909606400,3196,15130
844580511645339650,3134,16525
844223788422217728,2205,13690
843981021012017153,2950,15233
843856843873095681,4633,21540
843604394117681152,2750,16957
843235543001513987,6038,21605
842846295480000512,3646,15339
842765311967449089,1287,6780
842535590457499648,3523,18187
842163532590374912,5818,24596
842115215311396866,3042,14051
841833993020538882,15219,0
841680585030541313,7830,25865
841439858740625411,3703,12725
841320156043304961,5524,19915
841314665196081154,4687,15925
841077006473256960,5342,23020
840761248237133825,1780,0
840728873075638272,16256,0
840698636975636481,2,177
840696689258311684,976,12378
840632337062862849,1780,9064
840370681858686976,4572,16585
840268004936019968,5774,19426
839990271299457024,2294,13527
839549326359670784,7832,27723
839290600511926273,145,0
839239871831150596,6581,27414
838952994649550848,4034,19837
838921590096166913,2081,11263
838916489579200512,35,0
838831947270979586,11110,0
838561493054533637,1347,11026
838476387338051585,4823,22769
838201503651401729,10177,0
838150277551247360,333,1692
838085839343206401,1,143
838083903487373313,3174,17810
837820167694528512,7938,34498
837482249356513284,445,3878
837471256429613056,2300,12941
837110210464448512,2392,16231
836989968035819520,2309,12901
836753516572119041,4692,19543
836677758902222849,2246,12742
836648853927522308,561,0
836397794269200385,27866,0
836380477523124226,3014,14908
836260088725786625,4342,21576
836001077879255040,4310,19322
835685285446955009,8223,0
835574547218894849,3659,18014
835536468978302976,1725,0
835309094223372289,21258,0
835297930240217089,3055,16664
835264098648616962,1725,7829
835246439529840640,73,2135
835172783151792128,5842,26503
835152434251116546,3057,22721
834931633769889797,1671,10957
834786237630337024,5564,21613
834574053763584002,2570,13845
834477809192075265,10812,0
834458053273591808,1706,9744
834209720923721728,4831,20895
834167344700198914,3708,16032
834089966724603904,2168,10174
834086379323871233,2236,13237
833863086058651648,2443,13581
833826103416520705,3819,18273
833732339549220864,222,0
833722901757046785,3278,21065
833479644947025920,2086,15060
833124694597443584,4916,20459
832998151111966721,2237,13467
832769181346996225,39,0
832757312314028032,3684,17086
832682457690300417,2963,12047
832645525019123713,537,2974
832636094638288896,2836,16087
832397543355072512,2249,12127
832369877331693569,3242,17430
832273440279240704,2372,11517
832215909146226688,6309,0
832215726631055365,9515,0
832088576586297345,2,64
832040443403784192,9791,0
832032802820481025,4745,18146
831939777352105988,6248,24354
831926988323639298,34,343
831911600680497154,6613,28058
831670449226514432,1854,10612
831650051525054464,1969,7267
831552930092285952,2346,9130
831322785565769729,1580,9396
831315979191906304,1143,6650
831309418084069378,2498,11927
831262627380748289,2083,12092
830956169170665475,1521,8106
830583320585068544,17112,68009
830173239259324417,5812,0
830097400375152640,3008,9997
829878982036299777,5122,0
829861396166877184,1986,12428
829501995190984704,10812,32302
829449946868879360,2068,10636
829141528400556032,7507,24866
829011960981237760,16599,54012
828801551087042563,3479,0
828770345708580865,5986,26017
828708714936930305,11424,37202
828650029636317184,1380,9684
828409743546925057,1184,6453
828408677031882754,1315,7804
828381636999917570,2256,12816
828376505180889089,1091,7518
828372645993398273,2998,12782
828361771580813312,174,2236
828046555563323392,2929,11984
828011680017821696,2195,10535
827933404142436356,5350,20466
827653905312006145,3083,15752
827600520311402496,961,7564
827324948884643840,3121,16162
827199976799354881,2278,10767
826958653328592898,5122,21977
826848821049180160,10394,37083
826615380357632002,4076,0
826598799820865537,257,5217
826598365270007810,2397,10238
826476773533745153,4293,18780
826240494070030336,2654,13546
826204788643753985,945,4970
826115272272650244,3208,15956
825876512159186944,1923,10674
825829644528148480,2546,12969
825535076884762624,17892,57891
825147591692263424,4656,18671
825120256414846976,1296,0
825026590719483904,1296,6453
824796380199809024,5624,0
824775126675836928,3612,15233
824663926340194305,1782,10302
824325613288833024,10740,12056
824297048279236611,3963,15382
824025158776213504,609,4923
823939628516474880,2769,10850
823719002937630720,11488,0
823699002998870016,2581,14248
823581115634085888,2697,13304
823333489516937216,25,714
823322678127919110,4135,16077
823269594223824897,10138,0
822975315408461824,3538,17692
822872901745569793,44404,134749
822859134160621569,2353,13565
822647212903690241,6567,0
822610361945911296,3028,15139
822489057087389700,6567,18558
822462944365645825,14732,28766
822244816520155136,10138,35770
822163064745328640,4916,0
821886076407029760,2371,11592
821813639212650496,3443,0
821765923262631936,1692,8615
821522889702862852,1813,8211
821421320206483457,5744,0
821407182352777218,4476,12069
821153421864615936,10,262
821149554670182400,2057,8860
821107785811234820,2197,9813
821044531881721856,2344,12950
820837357901512704,6933,0
820749716845686786,10177,32302
820690176645140481,3320,12506
820494788566847489,578,0
820446719150292993,2641,0
820314633777061888,578,3420
820078625395449857,6467,20306
820013781606658049,1217,0
819952236453363712,1217,5450
819924195358416896,5000,13209
819711362133872643,3199,13745
819588359383371776,2045,9866
819347104292290561,1242,7403
819238181065359361,418,2334
819227688460238848,6933,23664
819015337530290176,37886,0
819015331746349057,19477,0
819006400881917954,19477,46409
819004803107983360,37886,89122
818646164899774465,21598,0
818627210458333184,7755,22950
818614493328580609,2648,10102
818588835076603904,6332,0
818536468981415936,2538,11207
818307523543449600,8357,0
818259473185828864,2353,11311
818145370475810820,2651,12618
817908911860748288,826,4988
817827839487737858,27866,53103
817777686764523521,2777,11019
817536400337801217,3070,12076
817502432452313088,3492,0
817423860136083457,15219,34847
817415592588222464,984,5747
817181837579653120,8732,0
817171292965273600,2086,8992
817120970343411712,2683,12529
817056546584727552,1696,8823
816829038950027264,4849,0
816816676327063552,2095,10275
816697700272001025,2264,10056
816450570814898180,8357,31349
816336735214911488,2011,8850
816091915477250048,2215,9174
816062466425819140,1062,0
816014286006976512,5446,0
815990720817401858,1062,5098
815966073409433600,8732,23019
815745968457060357,4270,0
815736392542261248,2341,10129
815639385530101762,1698,8448
815390420867969024,3923,10653
814986499976527872,1322,7862
814638523311648768,2786,11588
814578408554463233,6016,0
814530161257443328,1918,8889
814153002265309185,8962,29599
813944609378369540,3282,0
813910438903693312,1927,9562
813812741911748608,14425,37457
813800681631023104,1819,8554
813217897535406080,7531,19181
813202720496779264,1864,9495
813187593374461952,4506,20460
813172488309972993,1992,9559
813157409116065792,2285,7999
813142292504645637,2457,8723
813130366689148928,460,4605
813127251579564032,3231,12196
813112105746448384,2835,10614
813096984823349248,3739,10850
813081950185472002,2857,10163
813066809284972545,2015,8199
813051746834595840,7609,21570
812781120811126785,1973,7801
812709060537683968,1480,6820
812503143955202048,1264,6245
812466873996607488,1998,8209
812372279581671427,3790,14090
811985624773361665,1451,7482
811744202451197953,1650,7769
811647686436880384,768,5770
811627233043480576,3191,13157
811386762094317568,6593,21557
810984652412424192,1482,5504
810896069567610880,1830,9303
810657578271330305,2748,11307
810284430598270976,11711,36348
810254108431155201,3479,15139
809920764300447744,4076,15983
809808892968534016,5071,0
809448704142938112,1517,7149
809220051211603969,5812,20536
809084759137812480,3645,13639
808838249661788160,3155,10420
808733504066486276,2245,8166
808501579447930884,2696,11648
808344865868283904,21598,43938
808134635716833280,6143,0
808106460588765185,2284,9057
808001312164028416,3651,12944
807621403335917568,3771,15029
807106840509214720,57442,122070
807059379405148160,7601,0
807010152071229440,3992,13470
806629075125202948,35919,77146
806620845233815552,5726,0
806576416489959424,2013,5039
806542213899489280,2441,10539
806242860592926720,12045,0
806219024703037440,1229,6630
805958939288408065,5546,0
805932879469572096,1988,8527
805826884734976000,1894,6771
805823200554876929,8322,0
805520635690676224,1721,5932
805487436403003392,2616,9078
805207613751304193,1778,8060
804738756058218496,3964,14124
804475857670639616,2083,6330
804413760345620481,3340,0
804026241225523202,16745,45993
803773340896923648,2851,10375
803692223237865472,7686,0
803638050916102144,4286,11295
803380650405482500,1932,8019
803321560782307329,5502,0
803276597545603072,2546,10352
802952499103731712,2082,9317
802624713319034886,3012,0
802600418706604034,1525,7337
802572683846291456,2596,9232
802323869084381190,6041,16728
802265048156610565,1422,6985
802239329049477120,2713,9369
802185808107208704,279,0
801958328846974976,1769,7986
801854953262350336,247,1836
801538201127157760,2134,8478
801285448605831168,851,6258
801167903437357056,6143,25284
801127390143516673,4094,0
801115127852503040,2182,8345
800859414831898624,98,709
800855607700029440,1670,0
800751577355128832,2893,10897
800513324630806528,3098,13569
800459316964663297,2246,9806
800443802682937345,4470,0
800388270626521089,2903,11526
800188575492947969,4086,0
800141422401830912,2641,15800
800018252395122689,13649,29303
799774291445383169,4851,0
799757965289017345,2236,8679
799422933579902976,1996,8317
799308762079035393,5667,0
799297110730567681,2860,10218
799063482566066176,2555,8345
798933969379225600,4636,13523
798925684722855936,1487,7721
798705661114773508,6885,0
798701998996647937,8074,0
798697898615730177,6718,0
798694562394996736,5148,0
798686750113755136,2411,0
798682547630837760,4885,0
798673117451325440,5740,0
798665375516884993,4043,0
798644042770751489,1918,0
798628517273620480,2047,0
798585098161549313,5919,0
798576900688019456,6041,0
798340744599797760,3472,0
798209839306514432,2646,10746
797971864723324932,3223,11996
797545162159308800,5045,15017
797236660651966464,6841,20613
797165961484890113,27,232
796904159865868288,9241,0
796865951799083009,1984,7942
796759840936919040,3156,12231
796563435802726400,7523,0
796484825502875648,1826,7821
796387464403357696,4309,11377
796177847564038144,14818,0
796149749086875649,14818,33329
796125600683540480,1866,5125
796116448414461957,2495,9412
796080075804475393,2404,8739
796031486298386433,3847,11164
795464331001561088,24551,51296
795400264262053889,2986,10406
795076730285391872,5624,16747
794983741416415232,3503,0
794926597468000259,2394,10607
794355576146903043,10691,0
794332329137291264,2766,9879
794205286408003585,3436,9522
793962221541933056,5071,17367
793845145112371200,1938,9529
793614319594401792,3250,0
793601777308463104,1688,8243
793500921481273345,2467,11030
793286476301799424,9515,25399
793271401113350145,2480,8989
793256262322548741,8659,20631
793241302385262592,3404,10872
793226087023144960,2969,10166
793210959003287553,2893,9225
793195938047070209,5843,15796
793180763617361921,2080,7174
793165685325201412,2881,9736
793150605191548928,1760,6385
793135492858580992,2576,6664
793120401413079041,4055,13106
792913359805018113,4114,14808
792883833364439040,4425,11683
792773781206999040,1743,7601
792394556390137856,4448,13893
792050063153438720,1870,7405
791821351946420224,21819,0
791784077045166082,9951,0
791780927877898241,3956,0
791774931465953280,23003,46585
791672322847637504,3250,12134
791406955684368384,4270,13557
791312159183634433,2625,9080
791026214425268224,4241,0
790987426131050500,2209,10176
790946055508652032,4849,17177
790723298204217344,2400,0
790698755171364864,1992,8473
790581949425475584,7425,21302
790337589677002753,1940,8088
790277117346975746,3282,12949
790227638568808452,3690,0
789986466051088384,2400,9549
789960241177853952,4271,0
789903600034189313,4261,10703
789628658055020548,1837,7741
789599242079838210,1994,6983
789530877013393408,3503,12132
789314372632018944,2369,8917
789280767834746880,5119,0
789268448748703744,2688,9405
789137962068021249,2904,10030
788908386943430656,12871,28271
788765914992902144,10691,28233
788552643979468800,7443,0
788412144018661376,5451,16054
788178268662984705,2171,7462
788150585577050112,1338,6311
788070120937619456,3548,0
788039637453406209,1368,6325
787810552592695296,3163,8922
787717603741622272,2879,10568
787397959788929025,2931,11213
787322443945877504,1800,8044
787111942498508800,6958,0
786963064373534720,8223,27394
786729988674449408,2496,0
786709082849828864,6309,18780
786664955043049472,2642,10959
786595970293370880,3216,9713
786363235746385920,3628,11232
786286427768250368,2945,8211
786233965241827333,4916,15718
786051337297522688,159,1478
786036967502913536,7263,0
785927819176054784,3286,11724
785872687017132033,1889,6902
785639753186217984,2300,8079
785533386513321988,2059,9383
785515384317313025,1306,6295
785264754247995392,1690,7477
785170936622350336,4990,12397
784826020293709826,3340,10413
784517518371221505,2612,9247
784431430411685888,1317,5875
784183165795655680,8322,20695
784057939640352768,11488,30675
783839966405230592,11110,30889
783821107061198850,2032,7578
783695101801398276,3322,10758
783466772167098368,2320,8709
783391753726550016,5664,17364
783347506784731136,5733,0
783334639985389568,12045,29990
783085703974514689,2272,8391
782969140009107456,7601,24801
782747134529531904,1452,7688
782722598790725632,5546,17774
782598640137187329,1929,8010
782305867769217024,5744,17129
782021823840026624,6410,0
781955203444699136,3475,11430
781661882474196992,2799,10742
781655249211752448,1159,4113
781524693396357120,5726,21324
781308096455073793,2630,7351
781251288990355457,2140,8663
781163403222056960,2816,10070
780931614150983680,7523,22207
780858289093574656,2063,7385
780800785462489090,1340,5637
780601303617732608,3443,12442
780543529827336192,1787,6489
780496263422808064,3817,0
780476555013349377,117,0
780459368902959104,1109,5437
780192070812196864,2310,8942
780092040432480260,2367,0
780074436359819264,5111,12542
779834332596887552,7263,19446
779377524342161408,3193,9053
779124354206535695,18871,0
779056095788752897,4655,15181
778990705243029504,7439,20526
778774459159379968,10194,0
778764940568104960,375,892
778748913645780993,1349,7077
778650543019483137,1556,5922
778624900596654080,1040,4757
778408200802557953,4463,13993
778396591732486144,12588,0
778383385161035776,1133,6002
778286810187399168,3390,10680
778039087836069888,2719,8713
778027034220126208,1661,6718
777953400541634568,3638,0
777885040357281792,1671,6523
777684233540206592,3012,11522
777641927919427584,4341,0
777621514455814149,2563,8992
777189768882946048,4411,14648
776819012571455488,14071,0
776813020089548800,1246,4998
776477788987613185,2855,9061
776249906839351296,9402,0
776218204058357768,16312,30681
776201521193218049,2582,9861
776113305656188928,4470,12055
776088319444877312,156,1888
775898661951791106,16992,0
775842724423557120,2736,12005
775733305207554048,4094,14195
775729183532220416,4707,13268
775364825476165632,3058,7586
775350846108426240,4010,10416
775085132600442880,4851,15941
774757898236878852,1829,8796
774639387460112384,1775,6906
774314403806253056,5667,22306
773985732834758656,3977,10994
773922284943896577,1792,6549
773704687002451968,1668,6767
773670353721753600,1342,5469
773547596996571136,6332,22639
773336787167145985,5211,0
773308824254029826,7652,23839
773247561583001600,3322,9667
773191612633579521,4249,10235
772877495989305348,3976,8765
772826264096874500,2409,8249
772615324260794368,3472,0
772581559778025472,1731,6649
772193107915964416,1428,6188
772152991789019136,1158,3895
772117678702071809,760,3863
772114945936949249,478,2784
772102971039580160,957,4095
771908950375665664,1950,6732
771770456517009408,3472,12281
771500966810099713,2669,8451
771380798096281600,5211,10736
771171053431250945,7679,0
771136648247640064,2991,9369
771102124360998913,1473,6382
771014301343748096,1690,7048
770787852854652928,1232,5048
770772759874076672,1451,5299
770655142660169732,1800,7497
770414278348247044,2145,6463
770293558247038976,1516,6394
770093767776997377,3132,0
770069151037685760,2349,7753
769940425801170949,9791,32084
769695466921623552,1706,6547
769335591808995329,7912,0
769212283578875904,1763,5525
768970937022709760,6663,14712
768909767477751808,2749,0
768855141948723200,907,4292
768609597686943744,1231,4214
768596291618299904,1313,5154
768554158521745409,5963,0
768473857036525572,3509,13928
768193404517830656,3638,11119
767884188863397888,1416,4847
767754930266464257,5502,16349
767500508068192258,2389,7649
767191397493538821,3859,12548
767122157629476866,2920,10384
766864461642756096,5769,0
766793450729734144,1383,5179
766714921925144576,387,2658
766693177336135680,813,4102
766423258543644672,1630,6143
766313316352462849,1928,6940
766078092750233600,2689,0
766069199026450432,871,4330
766008592277377025,508,3824
765719909049503744,2203,7392
765669560888528897,1251,5304
765395769549590528,3459,27081
765371061932261376,2208,7229
765222098633691136,3472,11881
764857477905154048,1809,6587
764259802650378240,1538,6146
763956972077010945,56,768
763837565564780549,4241,12848
763183847194451968,1503,5481
763167063695355904,3084,0
763103485927849985,2334,7513
762699858130116608,3690,12398
762471784394268675,6588,11469
762464539388485633,4271,10513
762316489655476224,1143,4897
762035686371364864,15863,32548
761976711479193600,2054,5507
761750502866649088,3996,0
761745352076779520,878,4354
761672994376806400,29677,50459
761599872357261312,1208,4212
761371037149827077,18439,0
761334018830917632,1484,5284
761292947749015552,1105,4565
761227390836215808,1598,5415
761004547850530816,3548,11553
760893934457552897,995,3888
760656994973933572,1946,6733
760641137271070720,1319,5059
760539183865880579,3697,7729
760521673607086080,1419,4308
760290219849637889,11743,27327
760252756032651264,892,4018
760190180481531904,1841,5808
760153949710192640,31,0
759943073749200896,2124,6062
759923798737051648,5769,14938
759846353224826880,2017,6842
759793422261743616,1948,6083
759557299618865152,1208,4794
759447681597108224,2496,8653
759446261539934208,498,1707
759197388317847553,1993,6188
759159934323924993,1181,0
759099523532779520,4256,14775
759047813560868866,2065,6616
758854675097526272,915,3618
758828659922702336,3908,11409
758740312047005698,1644,5841
758474966123810816,1021,3878
758467244762497024,2257,4888
758405701903519748,1947,5299
758355060040593408,1102,3471
758099635764359168,10194,19449
758041019896193024,380,2747
757741869644341248,3305,6990
757729163776290825,8131,0
757725642876129280,1231,4629
757611664640446465,1122,4647
757597904299253760,304,0
757596066325864448,1074,4416
757400162377592832,6984,15405
757393109802180609,1774,5925
757354760399941633,1449,4603
756998049151549440,2021,6401
756939218950160384,2045,6762
756651752796094464,1331,5152
756526248105566208,3651,10590
756303284449767430,1114,4013
756288534030475264,17753,43512
756275833623502848,1560,6528
755955933503782912,2940,7464
755206590534418437,5442,16728
755110668769038337,11287,21612
754874841593970688,8072,0
754856583969079297,2571,7016
754747087846248448,533,2636
754482103782404096,1990,5397
754449512966619136,741,3819
754120377874386944,2394,7997
753655901052166144,2206,5935
753420520834629632,3635,8042
753398408988139520,1945,5853
753375668877008896,2367,7767
753298634498793472,5805,0
753294487569522689,1060,3432
753039830821511168,21258,37732
753026973505581056,984,3982
752932432744185856,6958,12858
752917284578922496,1610,7024
752701944171524096,2928,0
752682090207055872,1616,6099
752660715232722944,1585,4454
752568224206688256,2324,5602
752519690950500352,3487,7474
752334515931054080,1116,3877
752309394570878976,16595,0
752173152931807232,1866,6042
751950017322246144,939,3118
751937170840121344,1353,5277
751830394383790080,1976,5895
751793661361422336,2941,5934
751598357617971201,3085,8042
751583847268179968,1125,4473
751538714308972544,1286,5122
751456908746354688,1016,3271
751251247299190784,5973,12697
751205363882532864,1847,6424
751132876104687617,1318,5153
750868782890057730,1388,4857
750719632563142656,5119,13404
750506206503038976,1160,4516
750429297815552001,4341,13377
750383411068534784,1166,4626
750381685133418496,28,713
750147208377409536,974,3158
750132105863102464,1310,3681
750117059602808832,1333,4401
750101899009982464,857,3090
750086836815486976,543,2206
750071704093859840,3389,7971
750056684286914561,911,3205
750041628174217216,629,3230
750026558547456000,798,2756
750011400160841729,917,3285
749996283729883136,830,3112
749981277374128128,2490,5198
749774190421639168,1335,4721
749417653287129088,1671,6200
749403093750648834,542,2664
749395845976588288,3491,8699
749317047558017024,2262,5574
749075273010798592,2098,5834
749064354620928000,1544,4872
749036806121881602,802,3137
748977405889503236,3439,10911
748932637671223296,2290,5909
748705597323898880,961,2819
748699167502000129,1613,4819
748692773788876800,1345,4305
748575535303884801,2003,6159
748568946752774144,675,2226
748346686624440324,1245,5292
748337862848962560,4156,7756
748324050481647620,775,3727
748307329658011649,716,3717
748220828303695873,7907,14337
747963614829678593,2167,5841
747933425676525569,2580,6695
747885874273214464,988,2987
747844099428986880,758,2849
747816857231626240,1179,4910
747651430853525504,158,1408
747648653817413632,5923,13060
747600769478692864,558,2354
747594051852075008,1064,3728
747512671126323200,1627,5615
747461612269887489,1052,3919
747439450712596480,1936,5500
747242308580548608,2927,0
747219827526344708,1593,5334
747204161125646336,929,3415
747103485104099331,4014,9692
746906459439529985,300,2926
746872823977771008,2151,6059
746818907684614144,1754,5372
746790600704425984,1617,4933
746757706116112384,3956,9697
746726898085036033,1811,6117
746542875601690625,1896,5099
746521445350707200,990,0
746507379341139972,1092,4704
746369468511756288,1643,6244
746131877086527488,2225,6982
746056683365994496,814,3599
745789745784041472,1080,4070
745712589599014916,2357,7082
745433870967832576,2562,7156
745422732645535745,2459,8674
745314880350101504,2780,7275
745074613265149952,3551,7939
745057283344719872,2287,7324
744995568523612160,627,3000
744971049620602880,2714,7963
744709971296780288,1578,5671
744334592493166593,2143,6860
744234799360020481,78756,158097
744223424764059648,372,1688
743980027717509120,1108,4215
743895849529389061,968,3674
743835915802583040,2108,0
743609206067040256,1391,4524
743595368194129920,6614,18604
743545585370791937,949,3559
743510151680958465,3749,7985
743253157753532416,1239,4272
743222593470234624,1920,6275
743210557239623680,1380,3876
742534281772302336,3607,7135
742528092657332225,2003,4471
742465774154047488,3930,7337
742423170473463808,3817,9915
742385895052087300,1996,6868
742161199639494656,1390,4384
742150209887731712,1564,5172
741793263812808706,1526,4586
741743634094141440,2784,8240
741438259667034112,845,3709
741303864243200000,3243,8865
741099773336379392,5570,10100
741067306818797568,3132,9581
740995100998766593,2769,6436
740711788199743490,947,3439
740699697422163968,793,2881
740676976021798912,6885,18325
740373189193256964,13403,35265
740365076218183684,435,2481
740359016048689152,873,3323
740214038584557568,1979,6745
739979191639244800,5963,20143
739932936087216128,1083,4086
739844404073074688,859,3839
739623569819336705,1366,3813
739606147276148736,1661,5413
739544079319588864,21469,39905
739485634323156992,2942,7210
739238157791694849,58400,116768
738891149612572673,6,111
738885046782832640,1149,3804
738883359779196928,798,3342
738537504001953792,1555,5139
738402415918125056,847,3272
738184450748633089,1217,4350
738166403467907072,3384,8845
738156290900254721,652,2531
737826014890496000,1783,5310
737800304142471168,3481,10061
737678689543020544,1336,5084
737445876994609152,4489,10347
737322739594330112,815,3640
737310737551491075,7466,14793
736736130620620800,1744,4309
736392552031657984,7443,17821
736365877722001409,1259,4009
736225175608430592,2806,8190
736010884653420544,3011,7943
735991953473572864,1161,3625
735648611367784448,1112,4048
735635087207878657,2361,6216
735274964362878976,5074,13098
735256018284875776,888,3367
735137028879360001,981,3151
734912297295085568,528,2763
734787690684657664,6318,12650
734776360183431168,547,2526
734559631394082816,397,1496
733828123016450049,785,3596
733822306246479872,1024,3704
733482008106668032,957,3160
733460102733135873,1291,4233
733109485275860992,16992,50543
732732193018155009,541,2457
732726085725589504,894,3571
732585889486888962,782,3688
732375214819057664,2532,8132
732005617171337216,5446,15002
731285275100512256,997,3513
731156023742988288,1276,3867
730924654643314689,1988,6184
730573383004487680,2136,4940
730427201120833536,1054,3509
730211855403241472,1061,3840
730196704625098752,1918,4892
729854734790754305,1138,4060
729838605770891264,387,1731
729823566028484608,1253,4003
729463711119904772,2331,5838
729113531270991872,325,1892
728986383096946689,824,3165
728760639972315136,1717,4708
728751179681943552,684,2786
728653952833728512,1041,3333
728409960103686147,2017,4939
728387165835677696,965,3717
728046963732717569,1202,4340
728035342121635841,1677,4599
728015554473250816,1111,4129
727685679342333952,643,2975
727644517743104000,1753,5920
727524757080539137,1229,4493
727314416056803329,748,3354
727286334147182592,818,3066
727175381690781696,1393,3922
727155742655025152,1338,3644
726935089318363137,2471,6936
726887082820554753,1523,3855
726828223124897792,1008,3582
726224900189511680,1150,4442
725842289046749185,2689,7098
725786712245440512,1375,4184
725729321944506368,1792,5229
725458796924002305,616,1416
724983749226668032,1318,3740
724771698126512129,641,2368
724405726123311104,1652,5300
724049859469295616,1781,4345
724046343203856385,561,2672
724004602748780546,1567,4201
723912936180330496,1241,3920
723688335806480385,2954,7718
723673163800948736,895,3034
723179728551723008,1872,5321
722974582966214656,1568,4122
722613351520608256,1647,5002
721503162398597120,1860,4656
721001180231503872,612,2536
720785406564900865,769,3129
720775346191278080,668,2487
720415127506415616,1509,4156
720389942216527872,2531,6412
720340705894408192,979,2890
720059472081784833,1119,3890
720043174954147842,2020,4929
719991154352222208,1743,4863
719704490224398336,1442,4571
719551379208073216,1926,5092
719367763014393856,742,2808
719339463458033665,1240,4448
719332531645071360,958,3446
718971898235854848,1080,3501
718939241951195136,1769,5270
718631497683582976,8074,18951
718613305783398402,486,2446
718540630683709445,1022,2476
718460005985447936,524,2717
718454725339934721,1510,4881
718246886998687744,504,1937
718234618122661888,1000,3894
717841801130979328,605,2476
717790033953034240,1120,2893
717537687239008257,1855,5811
717428917016076293,452,1629
717421804990701568,850,3176
717047459982213120,1940,6318
717009362452090881,971,3276
716802964044845056,1177,4304
716791146589110272,1579,8134
716730379797970944,429,1241
716447146686459905,5882,13130
716439118184652801,209,2385
716285507865542656,1066,2786
716080869887381504,1914,6768
715928423106027520,884,3216
715758151270801409,1439,3744
715733265223708672,1694,4683
715704790270025728,568,2809
715696743237730304,1296,3929
715680795826982913,1618,4334
715360349751484417,1573,5497
715342466308784130,692,3055
715220193576927233,652,2430
715200624753819648,1891,5164
715009755312439296,1234,4178
714982300363173890,1043,3749
714962719905021952,4284,7391
714957620017307648,1410,4144
714631576617938945,1000,3301
714606013974974464,931,3649
714485234495041536,1136,2708
714258258790387713,720,3052
714251586676113411,835,3299
714214115368108032,878,2285
714141408463036416,1408,4338
713919462244790272,789,3321
713909862279876608,538,1918
713900603437621249,747,2857
713761197720473600,1381,4903
713411074226274305,1300,4454
713177543487135744,2846,7270
713175907180089344,1477,4486
712809025985978368,6718,18631
712717840512598017,5019,12408
712668654853337088,1222,4193
712438159032893441,1572,5359
712309440758808576,25,245
712097430750289920,1039,3805
712092745624633345,892,2957
712085617388212225,486,3287
712065007010385924,629,2279
711998809858043904,126,0
711968124745228288,2311,8119
711743778164514816,988,2856
711732680602345472,4137,8910
711694788429553666,18439,33041
711652651650457602,919,3875
711363825979756544,1146,3685
711306686208872448,739,3333
711008018775851008,615,3009
710997087345876993,1390,4588
710844581445812225,693,2563
710833117892898816,537,2700
710658690886586372,565,2325
710609963652087808,2393,4820
710588934686908417,1881,4569
710296729921429505,744,2389
710283270106132480,522,2161
710272297844797440,1255,4564
710269109699739648,1127,2408
710153181850935296,891,2926
710140971284037632,881,2774
710117014656950272,2000,5541
709918798883774466,1073,3010
709901256215666688,100,675
709852847387627521,1205,3549
709566166965075968,1214,3573
709556954897764353,1079,3317
709519240576036864,238,1504
709449600415961088,578,2251
709409458133323776,690,2635
709225125749587968,576,2423
709207347839836162,5841,12666
709198395643068416,647,2442
709179584944730112,670,2022
709158332880297985,416,2052
709042156699303936,1643,4780
708853462201716736,662,1812
708845821941387268,902,3016
708834316713893888,503,1692
708810915978854401,6965,16584
708738143638450176,819,2765
708711088997666817,723,2562
708479650088034305,680,2569
708469915515297792,818,3115
708400866336894977,10155,16107
708356463048204288,1322,3608
708349470027751425,743,2366
708149363256774660,1561,4311
708130923141795840,853,3412
708119489313951744,989,2706
708109389455101952,552,1963
708026248782585858,1936,4409
707995814724026368,1127,3153
707983188426153984,2,51
707969809498152960,973,2725
707776935007539200,960,3299
707741517457260545,617,2504
707738799544082433,2477,4113
707693576495472641,1006,3442
707629649552134146,884,2598
707610948723478529,6410,17110
707420581654872064,701,2291
707411934438625280,601,2312
707387676719185920,1297,3523
707377100785885184,1094,3298
707315916783140866,642,2494
707297311098011648,792,2799
707059547140169728,677,2613
707038192327901184,797,2198
707021089608753152,1374,4105
707014260413456384,598,2329
706904523814649856,7912,14678
706901761596989440,595,2076
706681918348251136,979,3324
706644897839910912,1101,2594
706593038911545345,638,2173
706538006853918722,1437,3493
706516534877929472,1039,3121
706346369204748288,934,3475
706310011488698368,7985,21494
706291001778950144,480,1707
706265994973601792,941,2757
706169069255446529,2232,3930
706166467411222528,1613,5198
706153300320784384,384,1492
705975130514706432,737,3130
705970349788291072,904,3186
705898680587526145,555,2378
705786532653883392,521,1957
705591895322394625,1158,3193
705475953783398401,925,2987
705442520700944385,1633,4466
705428427625635840,1698,3841
705239209544720384,756,3030
705223444686888960,805,2602
705102439679201280,520,2163
705066031337840642,621,2196
704871453724954624,1120,4295
704859558691414016,544,2270
704847917308362754,1544,5121
704819833553219584,998,2669
704761120771465216,2927,6673
704499785726889984,1021,2947
704491224099647488,78,759
704480331685040129,1077,3419
704364645503647744,3573,8062
704347321748819968,353,1597
704134088924532736,464,1515
704113298707505153,572,1861
704054845121142784,924,2952
703774238772166656,467,1856
703769065844768768,1151,3307
703631701117943808,685,2611
703611486317502464,1539,3875
703425003149250560,1373,3830
703407252292673536,701,2463
703382836347330562,1147,3540
703356393781329922,388,1930
703268521220972544,553,1983
703079050210877440,3110,7460
703041949650034688,12588,26567
702932127499816960,733,2606
702899151802126337,457,1625
702684942141153280,1080,3244
702671118226825216,560,2212
702598099714314240,3459,12294
702539513671897089,969,2910
702332542343577600,1554,3221
702321140488925184,1049,3296
702276748847800320,770,2486
702217446468493312,1346,4819
701981390485725185,998,3480
701952816642965504,1033,3873
701889187134500865,1402,3573
701805642395348998,1687,3446
701601587219795968,456,2106
701570477911896070,932,2840
701545186879471618,612,2679
701214700881756160,5148,12315
700890391244103680,571,2230
700864154249383937,626,2619
700847567345688576,503,2474
700796979434098688,949,2461
700747788515020802,9402,23048
700518061187723268,801,2637
700505138482569216,582,2312
700462010979500032,1801,4167
700167517596164096,741,2651
700151421916807169,677,2252
700143752053182464,2749,7594
700062718104104960,694,2672
700029284593901568,591,2093
700002074055016451,1349,3346
699801817392291840,960,3088
699788877217865730,510,2250
699779630832685056,1241,2767
699775878809702401,606,1978
699691744225525762,4653,10355
699446877801091073,2637,5996
699434518667751424,520,2178
699423671849451520,326,1380
699413908797464576,626,2094
699370870310113280,444,1904
699323444782047232,866,3186
699088579889332224,637,2259
699079609774645248,659,2477
699072405256409088,1203,3010
699060279947165696,1812,3788
699036661657767936,1207,2626
698989035503689728,982,3382
698953797952008193,909,2709
698907974262222848,630,2571
698710712454139905,686,2494
698703483621523456,382,1459
698635131305795584,342,1305
698549713696649216,630,2345
698355670425473025,452,1880
698342080612007937,957,2281
698262614669991936,2008,4801
698195409219559425,6016,16888
698178924120031232,742,2835
697995514407682048,332,1526
697990423684476929,1304,3319
697943111201378304,686,2413
697881462549430272,1191,3033
697630435728322560,545,1767
697616773278015490,1016,3192
697596423848730625,1271,3042
697575480820686848,498,2058
697516214579523584,1123,2077
697482927769255936,678,2429
697463031882764288,1408,3444
697270446429966336,1889,4734
697259378236399616,1012,3326
697255105972801536,1171,3054
697242256848379904,677,2534
696900204696625153,1025,3202
696894894812565505,681,2360
696886256886657024,1817,4903
696877980375769088,714,2455
696754882863349760,364,1495
696744641916489729,943,2078
696713835009417216,655,2386
696518437233913856,1715,3934
696490539101908992,143,1224
696488710901260288,1025,2564
696405997980676096,1165,3231
696100768806522880,658,1949
695816827381944320,1173,3036
695794761660297217,777,3189
695767669421768709,755,1879
695629776980148225,2117,4603
695446424020918272,1818,4422
695409464418041856,3600,8738
695314793360662529,1456,3655
695095422348574720,616,2651
695074328191332352,1105,2866
695064344191721472,589,1608
695051054296211456,787,2682
694925794720792577,925,2719
694905863685980160,944,2776
694669722378485760,14497,36069
694356675654983680,289,1515
694352839993344000,619,2050
694342028726001664,486,1587
694329668942569472,503,2023
694206574471057408,2050,4194
694183373896572928,929,2979
694001791655137281,1032,3434
693993230313091072,405,1891
693942351086120961,372,1756
693647888581312512,593,2709
693644216740769793,123,1355
693642232151285760,413,2554
693629975228977152,800,2461
693622659251335168,378,1551
693590843962331137,1974,5090
693582294167244802,256,1659
693486665285931008,641,1792
693280720173801472,1244,3379
693267061318012928,816,2399
693262851218264065,502,2239
693231807727280129,741,2886
693155686491000832,3237,7938
693109034023534592,616,1730
693095443459342336,467,1875
692919143163629568,759,2696
692905862751522816,878,2445
692901601640583168,607,1784
692894228850999298,814,2288
692828166163931137,886,2891
692752401762250755,3665,6872
692568918515392513,1551,4398
692535307825213440,1378,3208
692530551048294401,419,1848
692423280028966913,228,1500
692417313023332352,3492,9432
692187005137076224,828,2550
692158366030913536,793,2162
692142790915014657,397,1663
692041934689402880,1280,3437
692017291282812928,963,2903
691820333922455552,1670,3985
691793053716221953,4255,8211
691756958957883396,1015,2890
691675652215414786,511,1972
691483041324204033,566,2410
691459709405118465,1147,4080
691444869282295808,854,2674
691416866452082688,7686,19492
691321916024623104,666,2588
691096613310316544,881,2984
691090071332753408,338,1730
690989312272396288,2889,5947
690959652130045952,1262,3613
690938899477221376,1981,4142
690932576555528194,1031,3316
690735892932222976,1280,3813
690728923253055490,522,2193
690690673629138944,820,2349
690649993829576704,281,1316
690607260360429569,17,294
690597161306841088,608,1979
690400367696297985,457,1904
690374419777196032,852,3280
690360449368465409,889,2694
690348396616552449,520,1524
690248561355657216,417,1689
690021994562220032,1035,2821
690015576308211712,733,2516
690005060500217858,1698,3694
689999384604450816,372,1439
689993469801164801,453,1474
689977555533848577,452,1384
689905486972461056,700,2457
689877686181715968,1178,3059
689835978131935233,748,2181
689661964914655233,933,3244
689659372465688576,3908,10463
689623661272240129,640,2245
689599056876867584,5564,11742
689557536375177216,457,2064
689517482558820352,1445,3434
689289219123089408,947,2275
689283819090870273,1113,3302
689280876073582592,714,2000
689275259254616065,243,1160
689255633275777024,1087,2581
689154315265683456,1009,3105
689143371370250240,518,2030
688916208532455424,880,2742
688908934925697024,776,2136
688898160958271489,787,2116
688894073864884227,699,2261
688828561667567616,373,1395
688804835492233216,191,970
688789766343622656,666,2237
688547210804498433,708,2628
688519176466644993,729,2336
688385280030670848,4508,9386
688211956440801280,832,2258
688179443353796608,587,2154
688116655151435777,782,2851
688064179421470721,363,1744
687841446767013888,2540,5525
687826841265172480,1126,2767
687818504314159109,951,2516
687807801670897665,720,2416
687732144991551489,668,1778
687704180304273409,850,2452
687664829264453632,512,1960
687494652870668288,578,1914
687480748861947905,243,1616
687476254459715584,539,2004
687460506001633280,543,2073
687399393394311168,620,1913
687317306314240000,9241,20328
687312378585812992,1912,4393
687127927494963200,2292,5491
687124485711986689,507,2179
687109925361856513,2475,5853
687102708889812993,988,2363
687096057537363968,607,2263
686947101016735744,3223,8704
686760001961103360,1392,3548
686749460672679938,1463,3504
686730991906516992,1208,4168
686683045143953408,809,2836
686618349602762752,1374,3741
686606069955735556,548,1911
686394059078897668,689,1753
686386521809772549,887,3285
686377065986265092,575,2226
686358356425093120,675,2209
686286779679375361,1672,4036
686050296934563840,732,2238
686035780142297088,120,1164
686034024800862208,1158,3134
686007916130873345,418,2513
686003207160610816,635,1844
685973236358713344,525,2117
685943807276412928,599,1646
685906723014619143,2922,7588
685681090388975616,127,2048
685667379192414208,574,2380
685663452032069632,1469,3268
685641971164143616,786,2965
685547936038666240,15787,33260
685532292383666176,1166,3059
685325112850124800,3996,9547
685321586178670592,645,2681
685315239903100929,1064,3370
685307451701334016,444,2095
685268753634967552,1205,3130
685198997565345792,671,2364
685169283572338688,1435,4149
684969860808454144,370,2406
684959798585110529,3149,6885
684940049151070208,1051,3246
684926975086034944,464,3527
684914660081053696,1466,3546
684902183876321280,535,1897
684880619965411328,822,2122
684830982659280897,21818,35363
684800227459624960,1011,2750
684594889858887680,3533,8983
684588130326986752,1421,4150
684567543613382656,1227,3047
684538444857667585,960,2664
684481074559381504,1173,3915
684460069371654144,563,1990
684241637099323392,3319,8225
684225744407494656,210,1240
684222868335505415,1383,3853
684200372118904832,1046,2179
684195085588783105,513,1928
684188786104872960,1181,3522
684177701129875456,667,2033
684147889187209216,1523,3015
684122891630342144,473,2023
684097758874210310,1438,4154
683857920510050305,1132,3826
683852578183077888,347,1948
683849932751646720,979,2629
683834909291606017,1124,2648
683828599284170753,1075,2823
683773439333797890,1363,3378
683742671509258241,3336,6537
683515932363329536,2928,7405
683498322573824003,968,3195
683481228088049664,1002,2670
683462770029932544,678,2441
683449695444799489,1615,3931
683391852557561860,2411,7700
683357973142474752,926,2947
683142553609318400,1052,2900
683111407806746624,921,3433
683098815881154561,664,2181
683078886620553216,567,2005
683030066213818368,741,2179
682962037429899265,16718,37164
682808988178739200,169,1800
682788441537560576,1115,2494
682750546109968385,442,1529
682697186228989953,358,1326
682662431982772225,1085,3083
682638830361513985,604,2090
682429480204398592,1161,3453
682406705142087680,1781,7632
682393905736888321,678,2248
682389078323662849,464,1667
682303737705140231,983,3080
682259524040966145,1217,4182
682242692827447297,1175,3278
682088079302213632,9951,18426
682059653698686977,1695,4978
682047327939461121,942,3217
682032003584274432,2029,6628
682003177596559360,1540,3161
681981167097122816,1038,2828
681891461017812993,826,2490
681694085539872773,4086,12878
681679526984871937,445,1785
681654059175129088,928,2660
681610798867845120,471,1925
681579835668455424,1311,3576
681523177663676416,5805,14426
681340665377193984,280,1649
681339448655802368,4120,9377
681320187870711809,748,2656
681302363064414209,1823,3967
681297372102656000,957,3237
681281657291280384,1104,3251
681261549936340994,273,1468
681242418453299201,534,1501
681231109724700672,491,2429
681193455364796417,1495,3718
680970795137544192,660,2447
680959110691590145,2017,4611
680940246314430465,1052,3227
680934982542561280,437,2099
680913438424612864,627,2426
680889648562991104,364,1771
680836378243002368,1329,3492
680805554198020098,663,2173
680801747103793152,816,2388
680798457301471234,1039,2866
680609293079592961,708,2664
680583894916304897,1340,3653
680497766108381184,1924,4261
680494726643068929,486,1735
680473011644985345,746,2563
680440374763077632,498,1458
680221482581123072,295,1473
680206703334408192,1179,2857
680191257256136705,504,2166
680176173301628928,1552,3916
680161097740095489,739,2341
680145970311643136,1751,3642
680130881361686529,945,2302
680115823365742593,905,2738
680100725817409536,1380,3598
680085611152338944,9016,12881
680070545539371008,878,2601
679877062409191424,650,1991
679872969355714560,664,2197
679862121895714818,622,2466
679854723806179328,1232,2876
679844490799091713,770,2380
679828447187857408,14071,36481
679777920601223168,1106,3108
679736210798047232,794,2105
679729593985699840,824,2172
679722016581222400,465,1669
679530280114372609,2084,4813
679527802031484928,722,2652
679511351870550016,1268,3382
679503373272485890,1475,3177
679475951516934144,640,2099
679462823135686656,18871,31775
679405845277462528,1205,2383
679158373988876288,8072,21439
679148763231985668,1026,2788
679132435750195208,1152,2975
679111216690831360,2581,5985
679062614270468097,8131,17051
679047485189439488,666,2254
679001094530465792,1225,2831
678991772295516161,1168,2315
678969228704284672,460,1653
678800283649069056,898,2580
678798276842360832,1161,3457
678774928607469569,904,2811
678767140346941444,1357,3536
678764513869611008,471,1636
678755239630127104,3286,7126
678740035362037760,1677,3762
678708137298427904,2423,5592
678675843183484930,1466,2866
678643457146150913,410,2053
678446151570427904,1540,4001
678424312106393600,2536,5481
678410210315247616,1807,4227
678399652199309312,31747,79217
678396796259975168,413,1596
678389028614488064,424,1874
678380236862578688,912,2446
678341075375947776,537,1730
678334497360859136,254,1305
678278586130948096,6058,11436
678255464182861824,362,1593
678023323247357953,381,1915
678021115718029313,6313,13672
677961670166224897,1683,3416
677918531514703872,407,1349
677895101218201600,2068,4834
677716515794329600,973,3050
677700003327029250,1436,3381
677698403548192770,318,1229
677687604918272002,847,2484
677673981332312066,1502,3326
677662372920729601,954,1943
677644091929329666,798,1856
677573743309385728,705,2128
677565715327688705,460,1295
677557565589463040,1144,2439
677547928504967168,3651,6914
677530072887205888,226,1063
677335745548390400,1776,3039
677334615166730240,281,1343
677331501395156992,234,1083
677328882937298944,1498,3620
677314812125323265,528,1636
677301033169788928,402,1237
677269281705472000,703,1984
677228873407442944,1635,3536
677187300187611136,913,2730
676975532580409345,1060,2766
676957860086095872,806,2230
676949632774234114,392,1301
676948236477857792,854,2164
676946864479084545,368,1720
676942428000112642,747,2060
676936541936185344,4885,12660
676916996760600576,1796,2961
676897532954456065,716,2235
676864501615042560,701,2089
676821958043033607,15487,22873
676819651066732545,660,1805
676811746707918848,419,1411
676776431406465024,2014,4979
676617503762681856,955,2871
676613908052996102,199,1075
676606785097199616,431,1871
676603393314578432,377,1152
676593408224403456,2146,4546
676590572941893632,120,910
676588346097852417,778,2307
676582956622721024,276,1191
676575501977128964,1106,2570
676533798876651520,549,1861
676496375194980353,526,1507
676470639084101634,4628,11523
676440007570247681,659,1708
676430933382295552,341,1384
676263575653122048,542,2067
676237365392908289,285,1209
676219687039057920,30683,75135
676215927814406144,570,1726
676191832485810177,1022,2263
676146341966438401,653,1898
676121918416756736,1150,2148
676101918813499392,1147,2803
676098748976615425,1411,2981
676089483918516224,428,1299
675898130735476737,564,1605
675891555769696257,843,2112
675888385639251968,944,2358
675878199931371520,1382,4139
675870721063669760,558,1612
675853064436391936,1276,2660
675849018447167488,143,930
675845657354215424,866,2250
675822767435051008,529,1499
675820929667219457,230,1038
675798442703122432,3368,10158
675781562965868544,462,1613
675740360753160193,341,1157
675710890956750848,804,1864
675707330206547968,676,1953
675706639471788032,93,635
675534494439489536,406,1795
675531475945709568,373,1168
675522403582218240,283,1026
675517828909424640,456,1277
675501075957489664,5740,16940
675497103322386432,1276,3101
675489971617296384,587,1284
675483430902214656,966,1819
675432746517426176,557,1501
675372240448454658,508,1664
675362609739206656,226,1033
675354435921575936,16595,32212
675349384339542016,2233,3863
675334060156301312,1264,2737
675166823650848770,1569,3545
675153376133427200,2529,6183
675149409102012420,1653,3684
675147105808306176,230,928
675146535592706048,296,1167
675145476954566656,886,2105
675135153782571009,477,1278
675113801096802304,772,1925
675111688094527488,246,947
675109292475830276,1114,2754
675047298674663426,320,1048
675015141583413248,1162,2668
675006312288268288,219,967
675003128568291329,458,1537
674999807681908736,1088,2206
674805413498527744,350,847
674800520222154752,840,2965
674793399141146624,1069,2470
674790488185167872,243,1084
674788554665512960,203,806
674781762103414784,1175,1964
674774481756377088,458,1093
674767892831932416,770,1797
674764817387900928,230,778
674754018082705410,437,1340
674752233200820224,454,1436
674743008475090944,543,1378
674742531037511680,49,476
674739953134403584,380,1083
674737130913071104,88,631
674690135443775488,463,1126
674670581682434048,635,1575
674664755118911488,247,898
674646392044941312,481,1408
674644256330530816,262,1011
674638615994089473,563,1653
674632714662858753,561,1471
674606911342424069,95,921
674468880899788800,1992,6112
674447403907457024,350,1037
674436901579923456,383,1094
674422304705744896,530,1412
674416750885273600,137,669
674410619106390016,449,1176
674394782723014656,559,1483
674372068062928900,308,831
674330906434379776,72,549
674318007229923329,510,1388
674307341513269249,6799,11132
674291837063053312,5733,14448
674271431610523648,717,1540
674269164442398721,223,888
674265582246694913,832,1614
674262580978937856,443,1281
674255168825880576,538,1441
674082852460433408,164,743
674075285688614912,278,969
674063288070742018,2149,6247
674053186244734976,1267,3237
674051556661161984,481,1419
674045139690631169,625,1386
674042553264685056,122,706
674038233588723717,404,1079
674036086168010753,202,833
674024893172875264,1192,1743
674019345211760640,297,1100
674014384960745472,620,1527
674008982932058114,341,1171
673956914389192708,930,1911
673919437611909120,362,1141
673906403526995968,1596,3123
673887867907739649,248,913
673716320723169284,728,3020
673715861853720576,2015,3472
673711475735838725,293,1018
673709992831262724,266,821
673708611235921920,277,1056
673707060090052608,383,1077
673705679337693185,395,1231
673700254269775872,549,1404
673697980713705472,1917,3896
673689733134946305,629,1695
673688752737402881,483,1235
673686845050527744,427,1408
673680198160809984,455,1339
673662677122719744,357,1224
673656262056419329,234,700
673636718965334016,348,1077
673612854080196609,705,1568
673583129559498752,349,1164
673580926094458881,264,814
673576835670777856,548,1356
673363615379013632,297,1000
673359818736984064,656,1414
673355879178194945,560,1462
673352124999274496,525,1626
673350198937153538,204,731
673345638550134785,1228,2453
673343217010679808,265,944
673342308415348736,560,1238
673320132811366400,7679,13175
673317986296586240,248,858
673295268553605120,3084,7353
673270968295534593,351,1046
673240798075449344,707,1397
673213039743795200,821,2197
673148804208660480,608,1657
672997845381865473,694,1920
672995267319328768,280,930
672988786805112832,282,966
672984142909456390,529,1229
672980819271634944,980,1777
672975131468300288,884,1638
672970152493887488,347,928
672968025906282496,525,1290
672964561327235073,621,1389
672902681409806336,485,1336
672898206762672129,413,884
672884426393653248,818,1510
672877615439593473,346,1010
672834301050937345,551,1289
672828477930868736,475,1232
672640509974827008,309,958
672622327801233409,475,1264
672614745925664768,559,1200
672609152938721280,377,1087
672604026190569472,387,1086
672594978741354496,593,1302
672591762242805761,326,931
672591271085670400,177,702
672538107540070400,352,1009
672523490734551040,162,619
672488522314567680,424,1084
672482722825261057,578,1103
672481316919734272,123,706
672475084225949696,681,1406
672466075045466113,517,1320
672272411274932228,3266,6310
672267570918129665,600,1461
672264251789176834,326,1114
672256522047614977,1495,2748
672254177670729728,716,1396
672248013293752320,585,1689
672245253877968896,152,671
672239279297454080,313,875
672231046314901505,975,1784
672222792075620352,205,766
672205392827572224,1118,2209
672169685991993344,358,994
672160042234327040,347,852
672139350159835138,672,1706
672125275208069120,1102,2330
672095186491711488,361,981
672082170312290304,353,921
672068090318987265,503,1263
671896809300709376,4043,8302
671891728106971137,559,1296
671882082306625538,1349,3383
671879137494245376,645,1380
671874878652489728,536,1218
671866342182637568,478,1092
671855973984772097,422,879
671789708968640512,3371,6890
671768281401958400,486,1167
671763349865160704,884,1637
671744970634719232,739,1324
671743150407421952,229,731
671735591348891648,733,1407
671729906628341761,4230,8297
671561002136281088,7017,12476
671550332464455680,203,887
671547767500775424,572,1312
671544874165002241,1019,1927
671542985629241344,545,1067
671538301157904385,379,915
671536543010570240,390,1145
671533943490011136,560,996
671528761649688577,252,828
671520732782923777,515,1362
671518598289059840,285,931
671511350426865664,684,1559
671504605491109889,3446,6821
671497587707535361,435,893
671488513339211776,459,978
671486386088865792,190,568
671485057807351808,227,742
671390180817915904,728,1409
671362598324076544,290,1080
671357843010908160,147,391
671355857343524864,114,472
671347597085433856,415,931
671186162933985280,204,718
671182547775299584,329,1092
671166507850801152,336,852
671163268581498880,1063,1616
671159727754231808,79,359
671154572044468225,211,692
671151324042559489,150,652
671147085991960577,211,650
671141549288370177,638,1120
671138694582165504,390,899
671134062904504320,187,727
671122204919246848,2444,3406
671115716440031232,753,1336
671109016219725825,423,1118
670995969505435648,285,1085
670842764863651840,8430,24008
670840546554966016,189,574
670838202509447168,672,1085
670833812859932673,118,429
670832455012716544,209,715
670826280409919488,3936,5393
670823764196741120,181,755
670822709593571328,92,592
670815497391357952,1496,3103
670811965569282048,263,1099
670807719151067136,478,1133
670804601705242624,927,1906
670803562457407488,85,333
670797304698376195,231,716
670792680469889025,266,803
670789397210615808,231,648
670786190031921152,196,589
670783437142401025,376,807
670782429121134593,743,1519
670780561024270336,281,771
670778058496974848,71,323
670764103623966721,406,1048
670755717859713024,107,427
670733412878163972,496,932
670727704916926465,346,805
670717338665226240,472,1172
670704688707301377,360,756
670691627984359425,234,579
670679630144274432,274,731
670676092097810432,40,242
670668383499735048,4868,10419
670474236058800128,716,1475
670468609693655041,84,345
670465786746662913,533,950
670452855871037440,197,536
670449342516494336,631,1166
670444955656130560,1918,6552
670442337873600512,192,630
670435821946826752,498,1026
670434127938719744,624,1365
670433248821026816,109,321
670428280563085312,596,1345
670427002554466305,154,512
670421925039075328,609,1271
670420569653809152,303,607
670417414769758208,309,555
670411370698022913,860,1970
670408998013820928,214,545
670403879788544000,149,414
670385711116361728,199,547
670374371102445568,262,734
670361874861563904,63,320
670338931251150849,104,416
670319130621435904,1181,3786
670303360680108032,126,420
670290420111441920,274,684
670093938074779648,321,997
670086499208155136,244,682
670079681849372674,1183,2167
670073503555706880,760,1537
670069087419133954,228,608
670061506722140161,324,741
670055038660800512,320,652
670046952931721218,165,629
670040295598354432,108,737
670037189829525505,262,577
670003130994700288,89,325
669993076832759809,81,317
669972011175813120,152,430
669970042633789440,57,296
669942763794931712,156,491
669926384437997569,96,365
669923323644657664,53,228
669753178989142016,383,791
669749430875258880,64,258
669684865554620416,87,499
669683899023405056,105,379
669682095984410625,130,345
669680153564442624,276,650
669661792646373376,417,789
669625907762618368,1762,3444
669603084620980224,350,928
669597912108789760,145,503
669583744538451968,897,1455
669573570759163904,134,426
669571471778410496,982,1558
669567591774625800,54,229
669564461267722241,120,374
669393256313184256,71,352
669375718304980992,705,1299
669371483794317312,172,487
669367896104181761,146,449
669363888236994561,219,606
669359674819481600,117,364
669354382627049472,1244,2631
669353438988365824,254,618
669351434509529089,174,422
669328503091937280,406,989
669327207240699904,114,563
669324657376567296,200,488
669216679721873412,393,1168
669214165781868544,157,427
669203728096960512,459,979
669037058363662336,301,635
669015743032369152,364,723
669006782128353280,240,562
669000397445533696,6169,20359
668994913074286592,222,430
668992363537309700,332,727
668989615043424256,321,661
668988183816871936,451,877
668986018524233728,161,538
668981893510119424,293,523
668979806671884288,336,773
668975677807423489,560,1265
668967877119254528,22,140
668960084974809088,232,688
668955713004314625,68,270
668932921458302977,55,257
668902994700836864,97,311
668892474547511297,145,387
668872652652679168,290,512
668852170888998912,155,441
668826086256599040,131,425
668815180734689280,257,548
668779399630725120,358,687
668655139528511488,212,512
668645506898350081,515,855
668643542311546881,516,856
668641109086707712,526,1044
668636665813057536,479,1018
668633411083464705,1565,2722
668631377374486528,306,694
668627278264475648,110,309
668625577880875008,126,375
668623201287675904,733,1387
668620235289837568,38,194
668614819948453888,310,602
668587383441514497,1040,1633
668567822092664832,50,236
668544745690562560,215,498
668542336805281792,208,442
668537837512433665,69,245
668528771708952576,217,447
668507509523615744,101,316
668496999348633600,127,400
668484198282485761,228,415
668480044826800133,142,446
668466899341221888,498,864
668297328638447616,289,609
668291999406125056,29,235
668286279830867968,132,491
668274247790391296,225,802
668268907921326080,228,541
668256321989451776,585,1262
668248472370458624,467,953
668237644992782336,2747,6035
668226093875376128,99,292
668221241640230912,190,501
668204964695683073,187,541
668190681446379520,191,632
668171859951755264,187,469
668154635664932864,297,480
668142349051129856,272,562
668113020489474048,229,653
667937095915278337,766,1220
667924896115245057,108,289
667915453470232577,54,201
667911425562669056,287,477
667902449697558528,365,829
667886921285246976,1039,1817
667885044254572545,460,795
667878741721415682,114,379
667873844930215936,388,614
667866724293877760,990,2932
667861340749471744,74,235
667832474953625600,60,287
667806454573760512,472,1026
667801013445750784,93,318
667793409583771648,315,684
667782464991965184,239,402
667773195014021121,53,229
667766675769573376,206,426
667728196545200128,143,368
667724302356258817,308,465
667550904950915073,33,0
667550882905632768,32,0
667549055577362432,2179,5605
667546741521195010,118,331
667544320556335104,504,838
667538891197542400,63,198
667534815156183040,502,794
667530908589760512,227,451
667524857454854144,1071,1641
667517642048163840,184,358
667509364010450944,2047,6580
667502640335572993,212,523
667495797102141441,256,503
667491009379606528,214,514
667470559035432960,92,248
667455448082227200,57,184
667453023279554560,85,296
667443425659232256,554,756
667437278097252352,227,433
667435689202614272,82,298
667405339315146752,215,452
667393430834667520,52,189
667369227918143488,155,351
667211855547486208,230,466
667200525029539841,250,593
667192066997374976,96,370
667188689915760640,386,719
667182792070062081,5919,13840
667177989038297088,52,184
667176164155375616,438,585
667174963120574464,74,235
667171260800061440,80,211
667165590075940865,1086,2598
667160273090932737,60,249
667152164079423490,16256,46054
667138269671505920,2108,4438
667119796878725120,123,318
667090893657276420,119,321
667073648344346624,114,385
667070482143944705,14,81
667065535570550784,42,160
667062181243039745,49,210
667044094246576128,47,177
667012601033924608,212,431
666996132027977728,84,233
666983947667116034,937,2455
666837028449972224,531,778
666835007768551424,77,203
666826780179869698,89,244
666817836334096384,239,492
666804364988780544,86,223
666786068205871104,467,724
666781792255496192,182,368
666776908487630848,165,332
666739327293083650,62,224
666701168228331520,208,412
666691418707132416,45,178
666649482315059201,590,1077
666644823164719104,76,221
666454714377183233,202,495
666447344410484738,18,98
666437273139982337,42,117
666435652385423360,49,160
666430724426358785,180,301
666428276349472768,78,156
666421158376562688,107,303
666418789513326592,43,115
666411507551481857,307,416
666407126856765440,33,100
666396247373291520,77,159
666373753744588802,86,173
666362758909284353,528,731
666353288456101888,68,201
666345417576210432,128,276
666337882303524864,84,182
666293911632134144,324,470
666287406224695296,62,138
666273097616637952,74,161
666268910803644416,32,95
666104133288665088,6041,13569
666102155909144576,11,72
666099513787052032,62,143
666094000022159362,68,155
666082916733198337,42,104
666073100786774016,147,302
666071193221509120,54,136
666063827256086533,199,449
666058600524156928,55,107
666057090499244032,128,274
666055525042405380,224,411
666051853826850816,789,1142
666050758794694657,52,125
666049248165822465,41,99
666044226329800704,133,274
666033412701032449,41,114
666029285002620928,43,121
666020888022790149,469,2446
